"McDavid, Connor",F,EDM,82,30,70,100,1.219512195,27,26,34,29,3,24,1,1,6,251,0.12
"Crosby, Sidney",F,PIT,75,44,45,89,1.186666667,17,24,80,27,14,11,0,0,5,255,0.173
"Kane, Patrick",F,CHI,82,34,55,89,1.085365854,11,32,28,15,7,15,0,0,5,292,0.116
"Backstrom, Nicklas",F,WAS,82,23,63,86,1.048780488,17,38,45,33,8,27,0,0,5,162,0.142
"Kucherov, Nikita",F,TBL,74,40,45,85,1.148648649,13,38,30,20,17,15,0,0,7,246,0.163
"Marchand, Brad",F,BOS,80,39,46,85,1.0625,18,81,51,35,9,15,3,2,8,226,0.173
"Scheifele, Mark",F,WPG,79,32,50,82,1.037974684,18,38,49,34,7,8,0,2,5,160,0.2
"Draisaitl, Leon",F,EDM,82,29,48,77,0.93902439,7,20,41,36,10,17,0,0,5,172,0.169
"Burns, Brent",D,SJS,82,29,47,76,0.926829268,19,40,69,142,8,17,0,1,6,320,0.091
"Tarasenko, Vladimir",F,STL,82,39,36,75,0.914634146,-1,12,50,31,9,13,0,0,8,286,0.136
"Panarin, Artemi",F,CHI,82,31,43,74,0.902439024,18,21,23,14,8,8,0,0,5,211,0.147
"Wheeler, Blake",F,WPG,82,26,48,74,0.902439024,6,47,100,51,5,16,2,1,4,259,0.1
"Getzlaf, Ryan",F,ANA,74,15,58,73,0.986486487,7,49,99,88,6,14,2,1,3,138,0.109
"Malkin, Evgeni",F,PIT,62,33,39,72,1.161290323,18,77,40,25,11,12,0,0,6,191,0.173
"Hedman, Victor",D,TBL,79,16,56,72,0.911392405,3,47,93,132,4,29,0,0,5,166,0.096
"Seguin, Tyler",F,DAL,82,26,46,72,0.878048781,-15,22,60,26,11,18,0,0,4,301,0.086
"Karlsson, Erik",D,OTT,77,17,54,71,0.922077922,10,28,67,201,4,23,0,2,5,218,0.078
"Pastrnak, David",F,BOS,75,34,36,70,0.933333333,11,34,72,32,10,14,0,0,6,262,0.13
"Kessel, Phil",F,PIT,82,23,47,70,0.853658537,3,20,12,15,8,22,0,0,4,229,0.1
"Benn, Jamie",F,DAL,77,26,43,69,0.896103896,-9,66,89,47,12,14,1,0,4,201,0.129
"Granlund, Mikael",F,MIN,81,26,43,69,0.851851852,23,12,50,50,7,13,3,1,4,177,0.147
"Ovechkin, Alex",F,WAS,82,33,36,69,0.841463415,6,50,216,29,17,9,0,0,7,313,0.105
"Matthews, Auston",F,TOR,82,40,29,69,0.841463415,2,14,21,61,8,13,0,0,8,279,0.143
"Pavelski, Joe",F,SJS,81,29,39,68,0.839506173,11,34,130,73,7,15,1,0,7,233,0.124
"Zetterberg, Henrik",F,DET,82,17,51,68,0.829268293,15,22,58,30,2,11,0,0,0,195,0.087
"Pacioretty, Max",F,MTL,81,35,32,67,0.827160494,15,38,63,35,8,5,1,1,7,268,0.131
"Tavares, John",F,NYI,77,28,38,66,0.857142857,4,38,42,20,7,11,1,1,3,260,0.108
"Carter, Jeff",F,LAK,82,32,34,66,0.804878049,2,41,86,37,10,12,1,0,9,250,0.128
"Staal, Eric",F,MIN,82,28,37,65,0.792682927,17,34,42,39,4,12,1,1,8,211,0.133
"Laine, Patrik",F,WPG,73,36,28,64,0.876712329,7,26,80,33,9,5,0,0,5,204,0.176
"Ehlers, Nikolaj",F,WPG,82,25,39,64,0.780487805,1,38,43,28,5,7,0,0,4,204,0.123
"Skinner, Jeff",F,CAR,79,37,26,63,0.797468354,-3,28,33,28,7,8,0,0,4,281,0.132
"Atkinson, Cam",F,CLB,82,35,27,62,0.756097561,13,22,33,34,10,11,3,0,9,240,0.146
"Van Riemsdyk, James",F,TOR,82,29,33,62,0.756097561,-2,37,62,29,6,12,0,0,5,238,0.122
"Gaudreau, Johnny",F,CGY,72,18,43,61,0.847222222,-7,4,9,14,4,12,0,0,3,182,0.099
"Hoffman, Mike",F,OTT,74,26,35,61,0.824324324,17,51,41,21,13,13,0,0,8,224,0.116
"Marner, Mitchell",F,TOR,77,19,42,61,0.792207792,0,38,41,39,4,17,0,0,5,176,0.108
"Arvidsson, Viktor",F,NAS,80,31,30,61,0.7625,16,28,23,45,4,5,5,2,6,246,0.126
"Nylander, William",F,TOR,81,22,39,61,0.75308642,-3,32,25,16,9,16,0,0,2,205,0.107
"Kadri, Nazem",F,TOR,82,32,29,61,0.743902439,-7,95,124,31,12,5,0,0,6,236,0.136
"Johansen, Ryan",F,NAS,82,14,47,61,0.743902439,1,60,77,28,4,19,1,0,3,154,0.091
"Voracek, Jakub",F,PHI,82,20,41,61,0.743902439,-24,56,30,22,5,18,0,0,3,253,0.079
"Wennberg, Alexander",F,CLB,80,13,46,59,0.7375,9,21,58,56,2,20,0,0,5,109,0.119
"Zuccarello, Mats",F,NYR,80,15,44,59,0.7375,15,26,85,52,5,9,0,0,3,189,0.079
"Kuznetsov, Evgeny",F,WAS,82,19,40,59,0.719512195,18,46,57,18,3,11,0,0,4,170,0.112
"Toews, Jonathan",F,CHI,72,21,37,58,0.805555556,7,35,43,32,6,11,0,0,5,199,0.106
"Koivu, Mikko",F,MIN,80,18,40,58,0.725,27,34,32,65,2,18,0,2,4,139,0.129
"Monahan, Sean",F,CGY,82,27,31,58,0.707317073,-1,20,34,25,8,8,1,0,4,199,0.136
"Giroux, Claude",F,PHI,82,14,44,58,0.707317073,-15,38,68,28,5,26,0,1,3,199,0.07
"Johansson, Marcus",F,WAS,82,24,34,58,0.707317073,25,10,32,22,5,14,0,0,5,129,0.186
"Kesler, Ryan",F,ANA,82,22,36,58,0.707317073,8,83,146,75,8,12,0,0,2,186,0.118
"Forsberg, Filip",F,NAS,82,31,27,58,0.707317073,-4,32,97,26,3,6,3,0,9,234,0.132
"Eichel, Jack",F,BUF,61,24,33,57,0.93442623,-13,22,26,35,10,14,0,0,4,249,0.096
"Niederreiter, Nino",F,MIN,82,25,32,57,0.695121951,17,53,120,20,8,6,0,0,3,186,0.134
"Oshie, T.J.",F,WAS,68,33,23,56,0.823529412,28,36,95,50,7,6,1,2,4,143,0.231
"Miller, J.T.",F,NYR,82,22,34,56,0.682926829,17,21,101,56,2,5,3,1,6,132,0.167
"Bailey, Josh",F,NYI,82,13,43,56,0.682926829,5,12,37,53,3,9,0,0,1,173,0.075
"Coyle, Charlie",F,MIN,82,18,38,56,0.682926829,13,36,101,63,4,5,0,0,5,159,0.113
"O'Reilly, Ryan",F,BUF,72,20,35,55,0.763888889,-1,10,21,45,8,16,1,1,3,189,0.106
"Schwartz, Jaden",F,STL,78,19,36,55,0.705128205,14,18,71,43,3,6,0,0,4,179,0.106
"Turris, Kyle",F,OTT,78,27,28,55,0.705128205,-3,47,21,61,6,11,0,0,6,185,0.146
"Bozak, Tyler",F,TOR,78,18,37,55,0.705128205,-1,30,45,26,7,11,0,0,1,145,0.124
"Schenn, Brayden",F,PHI,79,25,30,55,0.696202532,-13,38,189,42,17,11,0,0,7,178,0.14
"Stepan, Derek",F,NYR,81,17,38,55,0.679012346,19,16,26,45,4,14,1,0,2,209,0.081
"Vrbata, Radim",F,ARI,81,20,35,55,0.679012346,-18,16,48,31,4,11,0,0,4,233,0.086
"Stone, Mark",F,OTT,71,22,32,54,0.76056338,12,25,43,53,6,8,0,0,5,134,0.164
"Radulov, Alexander",F,MTL,76,18,36,54,0.710526316,10,62,76,41,6,10,0,0,2,147,0.122
"Simmonds, Wayne",F,PHI,82,31,23,54,0.658536585,-18,122,162,60,16,9,2,0,4,224,0.138
"Krejci, David",F,BOS,82,23,31,54,0.658536585,-12,26,40,51,8,6,0,0,3,158,0.146
"Trocheck, Vincent",F,FLA,82,23,31,54,0.658536585,-13,43,164,51,2,10,0,1,2,230,0.1
"Sheary, Conor",F,PIT,61,23,30,53,0.868852459,24,22,29,23,2,3,0,0,6,154,0.149
"Hall, Taylor",F,NJD,72,20,33,53,0.736111111,-9,32,59,31,7,8,0,0,4,238,0.084
"Drouin, Jonathan",F,TBL,73,21,32,53,0.726027397,-13,16,50,16,9,17,0,0,6,183,0.115
"Kreider, Chris",F,NYR,75,28,25,53,0.706666667,6,58,132,30,6,7,0,0,4,186,0.151
"Bergeron, Patrice",F,BOS,79,21,32,53,0.670886076,12,24,54,47,8,9,0,3,7,302,0.07
"Palmieri, Kyle",F,NJD,80,26,27,53,0.6625,2,46,124,36,8,11,1,0,3,192,0.135
"Keith, Duncan",D,CHI,80,6,47,53,0.6625,22,16,24,107,2,13,0,0,2,183,0.033
"Backlund, Mikael",F,CGY,81,22,31,53,0.654320988,9,36,55,41,7,9,0,3,7,197,0.112
"Saad, Brandon",F,CLB,82,24,29,53,0.646341463,23,8,24,26,1,2,0,0,4,210,0.114
"Perry, Corey",F,ANA,82,19,34,53,0.646341463,2,76,81,35,5,15,1,0,3,215,0.088
"MacKinnon, Nathan",F,COL,82,16,37,53,0.646341463,-14,16,56,30,1,13,2,0,4,251,0.064
"Barkov, Aleksander",F,FLA,61,21,31,52,0.852459016,13,10,39,30,3,11,0,0,5,142,0.148
"Couture, Logan",F,SJS,73,25,27,52,0.712328767,11,12,57,65,11,4,0,1,3,174,0.144
"Palat, Ondrej",F,TBL,75,17,35,52,0.693333333,8,39,141,66,5,10,0,0,3,162,0.105
"Kopitar, Anze",F,LAK,76,12,40,52,0.684210526,-10,28,78,59,5,14,0,1,0,150,0.08
"Byfuglien, Dustin",D,WPG,80,13,39,52,0.65,10,117,183,124,1,13,0,2,1,241,0.054
"Horvat, Bo",F,VAN,81,20,32,52,0.641975309,-7,27,65,41,3,7,2,0,1,158,0.127
"Lee, Anders",F,NYI,81,34,18,52,0.641975309,9,56,172,34,9,5,0,0,6,191,0.178
"Rakell, Rickard",F,ANA,71,33,18,51,0.718309859,10,12,81,32,5,7,0,0,10,177,0.186
"Marchessault, Jonathan",F,FLA,75,30,21,51,0.68,-21,38,105,17,8,10,0,0,6,193,0.155
"Steen, Alexander",F,STL,76,16,35,51,0.671052632,-2,53,33,69,3,13,0,0,2,117,0.137
"Schultz, Justin",D,PIT,78,12,39,51,0.653846154,27,34,67,116,3,17,0,0,1,154,0.078
"Foligno, Nick",F,CLB,79,26,25,51,0.64556962,-4,55,157,50,11,10,0,0,5,185,0.141
"Krug, Torey",D,BOS,81,8,43,51,0.62962963,-10,37,59,82,6,19,0,0,1,208,0.038
"Eberle, Jordan",F,EDM,82,20,31,51,0.62195122,3,16,26,37,4,10,0,0,0,208,0.096
"Spezza, Jason",F,DAL,68,15,35,50,0.735294118,-18,29,13,31,2,17,1,0,4,149,0.101
"Thornton, Joe",F,SJS,79,7,43,50,0.632911392,7,51,52,31,1,18,0,0,0,81,0.086
"Gagner, Sam",F,CLB,81,18,32,50,0.617283951,10,22,22,16,8,11,0,0,1,178,0.101
"Hamilton, Dougie",D,CGY,81,13,37,50,0.617283951,12,64,68,94,2,12,0,1,5,222,0.059
"Sedin, Henrik",F,VAN,82,15,35,50,0.609756098,-27,28,15,11,1,14,0,0,4,99,0.152
"Lucic, Milan",F,EDM,82,23,27,50,0.609756098,-3,50,202,20,12,13,0,0,3,175,0.131
"Josi, Roman",D,NAS,72,12,37,49,0.680555556,7,18,54,119,7,11,0,1,1,217,0.055
"Hayes, Kevin",F,NYR,76,17,32,49,0.644736842,10,18,40,30,1,7,1,6,4,143,0.119
"Silfverberg, Jakob",F,ANA,79,23,26,49,0.620253165,10,20,47,46,5,4,1,0,5,227,0.101
"Klingberg, John",D,DAL,80,13,36,49,0.6125,2,34,42,117,4,13,0,0,3,124,0.105
"Aho, Sebastian",F,CAR,82,24,25,49,0.597560976,-1,26,51,14,6,11,1,1,4,214,0.112
"Nyquist, Gustav",F,DET,76,12,36,48,0.631578947,0,18,54,20,2,8,0,0,2,165,0.073
"Tkachuk, Matthew",F,CGY,76,13,35,48,0.631578947,14,105,65,22,3,10,0,0,2,142,0.092
"Williams, Justin",F,WAS,80,24,24,48,0.6,14,50,28,41,5,5,0,0,4,167,0.144
"Pietrangelo, Alex",D,STL,80,14,34,48,0.6,3,24,38,158,6,13,0,0,4,181,0.077
"Little, Bryan",F,WPG,59,21,26,47,0.79661017,-7,18,35,23,6,6,0,0,3,119,0.176
"Pominville, Jason",F,MIN,78,13,34,47,0.602564103,2,4,44,38,0,7,0,0,2,176,0.074
"Werenski, Zachary",D,CLB,78,11,36,47,0.602564103,17,14,41,90,4,17,0,0,1,188,0.059
"Reinhart, Sam",F,BUF,79,17,30,47,0.594936709,-11,8,21,40,9,8,0,0,3,178,0.096
"Zucker, Jason",F,MIN,79,22,25,47,0.594936709,34,30,73,42,1,0,0,0,3,172,0.128
"Leddy, Nick",D,NYI,81,11,35,46,0.567901235,-3,12,77,109,3,12,0,0,1,137,0.08
"Perron, David",F,STL,82,18,28,46,0.56097561,-2,54,87,28,3,11,1,0,3,151,0.119
"Tatar, Tomas",F,DET,82,25,21,46,0.56097561,-8,26,92,24,5,3,0,0,5,166,0.151
"Jagr, Jaromir",F,FLA,82,16,30,46,0.56097561,2,56,21,4,8,5,0,0,2,181,0.088
"Marleau, Patrick",F,SJS,82,27,19,46,0.56097561,4,28,82,32,7,9,0,0,6,190,0.142
"Anisimov, Artem",F,CHI,64,22,23,45,0.703125,9,30,18,27,4,4,0,0,7,105,0.21
"Okposo, Kyle",F,BUF,65,19,26,45,0.692307692,-7,24,53,25,7,16,0,0,2,156,0.122
"Perreault, Mathieu",F,WPG,65,13,32,45,0.692307692,-11,30,97,26,3,12,0,0,3,134,0.097
"Johnson, Tyler",F,TBL,66,19,26,45,0.681818182,-5,28,46,30,6,11,0,0,3,130,0.146
"Lindholm, Elias",F,CAR,72,11,34,45,0.625,-2,16,99,43,2,9,1,4,0,151,0.073
"Hossa, Marian",F,CHI,73,26,19,45,0.616438356,7,8,32,36,5,6,1,0,7,167,0.156
"Staal, Jordan",F,CAR,75,16,29,45,0.6,-1,38,139,29,4,4,1,0,3,164,0.098
"Ristolainen, Rasmus",D,BUF,79,6,39,45,0.569620253,-9,58,195,161,1,24,0,1,2,186,0.032
"Zajac, Travis",F,NJD,80,14,31,45,0.5625,-8,33,81,26,6,6,1,1,1,126,0.111
"Nelson, Brock",F,NYI,81,20,25,45,0.555555556,-6,36,50,48,1,5,0,1,4,173,0.116
"Rask, Victor",F,CAR,82,16,29,45,0.548780488,-10,16,43,33,4,6,0,1,3,186,0.086
"Galchenyuk, Alex",F,MTL,61,17,27,44,0.721311475,-5,24,36,32,6,9,0,0,6,104,0.163
"Hornqvist, Patric",F,PIT,70,21,23,44,0.628571429,16,28,227,62,10,7,0,0,6,223,0.094
"Pearson, Tanner",F,LAK,80,24,20,44,0.55,5,13,124,31,3,5,1,1,5,187,0.128
"Frolik, Michael",F,CGY,82,17,27,44,0.536585366,13,58,60,48,3,5,2,1,1,202,0.084
"Panik, Richard",F,CHI,82,22,22,44,0.536585366,14,58,147,45,4,4,0,0,5,155,0.142
"Sedin, Daniel",F,VAN,82,15,29,44,0.536585366,-16,32,20,18,6,8,0,0,3,216,0.069
"Doughty, Drew",D,LAK,82,12,32,44,0.536585366,8,46,129,109,5,14,0,1,1,181,0.066
"Kane, Evander",F,BUF,70,28,15,43,0.614285714,-17,113,109,29,3,5,0,0,5,260,0.108
"Byron, Paul",F,MTL,81,22,21,43,0.530864198,21,29,119,34,0,4,1,0,6,96,0.229
"Nugent-Hopkins, Ryan",F,EDM,82,18,25,43,0.524390244,-10,29,47,35,5,7,0,0,4,200,0.09
"Gardiner, Jake",D,TOR,82,9,34,43,0.524390244,24,34,69,83,1,11,0,0,2,127,0.071
"Parise, Zach",F,MIN,69,19,23,42,0.608695652,-3,30,46,69,6,6,0,0,4,194,0.098
"Fisher, Mike",F,NAS,72,18,24,42,0.583333333,1,55,160,64,7,10,0,0,3,120,0.15
"Jones, Seth",D,CLB,75,12,30,42,0.56,6,24,61,118,1,6,0,0,3,152,0.079
"McDonagh, Ryan",D,NYR,77,6,36,42,0.545454546,20,37,80,160,1,14,1,0,1,153,0.039
"Weber, Shea",D,MTL,78,17,25,42,0.538461539,20,38,140,157,12,10,0,2,4,183,0.093
"Teravainen, Teuvo",F,CAR,81,15,27,42,0.518518519,-6,16,27,33,5,10,0,0,2,169,0.089
"Maroon, Patrick",F,EDM,81,27,15,42,0.518518519,13,95,189,23,3,3,0,0,5,178,0.152
"Neal, James",F,NAS,70,23,18,41,0.585714286,-10,35,84,18,5,8,0,0,5,202,0.114
"Duchene, Matt",F,COL,77,18,23,41,0.532467533,-34,12,42,41,3,6,1,0,3,160,0.113
"Nielsen, Frans",F,DET,79,17,24,41,0.518987342,-19,18,64,54,4,11,2,1,0,162,0.105
"Dubinsky, Brandon",F,CLB,80,12,29,41,0.5125,16,91,248,60,1,3,1,0,5,115,0.104
"Yandle, Keith",D,FLA,82,5,36,41,0.5,-6,39,28,76,2,16,0,1,0,178,0.028
"Stastny, Paul",F,STL,66,18,22,40,0.606060606,4,36,51,35,5,8,0,0,5,112,0.161
"Subban, P.K.",D,NAS,66,10,30,40,0.606060606,-8,44,78,104,3,13,0,1,2,142,0.07
"Point, Brayden",F,TBL,68,18,22,40,0.588235294,4,14,39,31,5,7,0,0,2,122,0.148
"Grabner, Michael",F,NYR,76,27,13,40,0.52631579,22,10,41,34,0,0,1,2,3,162,0.167
"Danault, Phillip",F,MTL,82,13,27,40,0.487804878,5,35,76,52,0,2,0,1,3,133,0.098
"Henrique, Adam",F,NJD,82,20,20,40,0.487804878,-20,38,88,68,6,4,2,1,2,142,0.141
"Stempniak, Lee",F,CAR,82,16,24,40,0.487804878,2,32,113,16,2,4,0,0,2,131,0.122
"Suter, Ryan",D,MIN,82,9,31,40,0.487804878,34,36,72,105,4,9,1,1,1,164,0.055
"Gostisbehere, Shayne",D,PHI,76,7,32,39,0.513157895,-21,32,43,94,2,21,0,0,1,198,0.035
"Spooner, Ryan",F,BOS,78,11,28,39,0.5,-8,14,24,17,3,15,0,1,3,145,0.076
"Niskanen, Matt",D,WAS,78,5,34,39,0.5,20,32,147,93,1,8,0,1,2,154,0.032
"Ekman-Larsson, Oliver",D,ARI,79,12,27,39,0.493670886,-25,48,112,85,8,11,0,0,1,145,0.083
"Seabrook, Brent",D,CHI,79,3,36,39,0.493670886,5,26,111,147,2,12,0,0,0,131,0.023
"Skjei, Brady",D,NYR,80,5,34,39,0.4875,11,42,147,69,0,8,0,0,0,127,0.039
"Fowler, Cam",D,ANA,80,11,28,39,0.4875,7,20,29,134,5,10,1,1,3,186,0.059
"Brassard, Derick",F,OTT,81,14,25,39,0.481481482,12,24,92,24,3,4,0,0,3,195,0.072
"Giordano, Mark",D,CGY,81,12,27,39,0.481481482,22,59,78,184,3,11,2,1,4,151,0.079
"Martinez, Alec",D,LAK,82,9,30,39,0.475609756,-17,24,137,167,2,13,1,0,3,144,0.063
"Vanek, Thomas",F,MIN,48,15,23,38,0.791666667,2,16,23,2,5,6,0,0,2,99,0.152
"Domi, Max",F,ARI,59,9,29,38,0.644067797,-9,40,28,21,1,7,0,0,1,108,0.083
"Nash, Rick",F,NYR,67,23,15,38,0.567164179,9,26,63,35,7,3,1,0,3,195,0.118
"Ellis, Ryan",D,NAS,71,16,22,38,0.535211268,17,29,64,137,4,7,1,2,3,140,0.114
"Backes, David",F,BOS,74,17,21,38,0.513513514,2,69,226,47,2,5,0,0,2,175,0.097
"Barrie, Tyson",D,COL,74,7,31,38,0.513513514,-34,18,32,75,2,8,0,0,2,182,0.038
"Rantanen, Mikko",F,COL,75,20,18,38,0.506666667,-25,22,29,33,4,6,0,0,2,133,0.15
"Spurgeon, Jared",D,MIN,76,10,28,38,0.5,33,20,49,140,1,4,0,1,2,144,0.069
"Klefbom, Oscar",D,EDM,82,12,26,38,0.463414634,7,6,43,146,3,13,0,1,3,201,0.06
"Zibanejad, Mika",F,NYR,56,14,23,37,0.660714286,9,16,23,27,4,7,0,0,2,119,0.118
"Versteeg, Kris",F,CGY,69,15,22,37,0.536231884,-3,46,5,28,8,7,0,0,1,136,0.11
"Carlson, John",D,WAS,72,9,28,37,0.513888889,7,10,58,127,3,13,0,1,3,180,0.05
"Faulk, Justin",D,CAR,75,17,20,37,0.493333333,-18,32,117,84,4,9,0,0,2,225,0.076
"Hartnell, Scott",F,CLB,78,13,24,37,0.474358974,14,63,94,40,2,1,0,0,1,104,0.125
"Bonino, Nick",F,PIT,80,18,19,37,0.4625,-5,16,60,99,6,5,1,0,1,142,0.127
"Smith, Reilly",F,FLA,80,15,22,37,0.4625,-13,17,75,34,6,4,1,0,3,160,0.094
"Mantha, Anthony",F,DET,60,17,19,36,0.6,10,53,46,33,1,2,0,0,3,133,0.128
"Markov, Andrei",D,MTL,62,6,30,36,0.580645161,18,16,39,73,1,11,0,1,1,98,0.061
"Green, Mike",D,DET,72,14,22,36,0.5,-20,40,67,92,3,7,1,0,2,125,0.112
"Brown, Dustin",F,LAK,80,14,22,36,0.45,-4,22,190,31,4,2,1,1,1,175,0.08
"Killorn, Alex",F,TBL,81,19,17,36,0.444444444,-9,66,99,25,4,6,1,1,4,176,0.108
"Brown, Connor",F,TOR,82,20,16,36,0.43902439,3,10,50,46,2,4,1,0,4,139,0.144
"Zaitsev, Nikita",D,TOR,82,4,32,36,0.43902439,-22,38,176,136,1,11,0,1,0,106,0.038
"Brodie, T.J.",D,CGY,82,6,30,36,0.43902439,-16,24,30,115,1,11,1,1,2,78,0.077
"Goligoski, Alex",D,ARI,82,6,30,36,0.43902439,-9,28,137,143,1,7,1,1,0,112,0.054
"Burakovsky, Andre",F,WAS,64,12,23,35,0.546875,13,14,31,25,2,3,0,0,1,111,0.108
"Baertschi, Sven",F,VAN,68,18,17,35,0.514705882,-6,8,52,29,2,4,0,0,5,114,0.158
"Wilson, Colin",F,NAS,70,12,23,35,0.5,7,18,50,23,6,1,0,0,0,113,0.106
"Letestu, Mark",F,EDM,78,16,19,35,0.448717949,-2,17,71,34,11,3,2,1,6,120,0.133
"Sekera, Andrej",D,EDM,80,8,27,35,0.4375,14,18,55,166,1,10,1,0,1,128,0.063
"Parayko, Colton",D,STL,81,4,31,35,0.432098765,7,32,80,117,4,6,0,1,2,188,0.021
"Cogliano, Andrew",F,ANA,82,16,19,35,0.426829268,11,26,76,27,0,0,3,1,2,178,0.09
"Gionta, Brian",F,BUF,82,15,20,35,0.426829268,-11,22,54,30,3,4,1,1,3,149,0.101
"Letang, Kris",D,PIT,41,5,29,34,0.829268293,2,32,70,70,2,12,0,1,2,122,0.041
"Filppula, Valtteri",F,TBL,59,7,27,34,0.576271186,1,24,21,28,0,7,0,0,1,74,0.095
"Toffoli, Tyler",F,LAK,63,16,18,34,0.53968254,6,22,54,4,4,3,0,1,2,165,0.097
"Couturier, Sean",F,PHI,66,14,20,34,0.515151515,12,33,41,35,0,2,0,1,2,120,0.117
"Dumba, Mathew",D,MIN,76,11,23,34,0.447368421,15,59,96,71,6,6,0,1,1,131,0.084
"Rieder, Tobias",F,ARI,80,16,18,34,0.425,-8,6,24,38,2,4,1,1,1,155,0.103
"Holden, Nick",D,NYR,80,11,23,34,0.425,13,35,164,88,3,1,0,1,2,84,0.131
"Sutter, Brandon",F,VAN,81,17,17,34,0.419753086,-20,12,78,53,4,4,0,0,1,160,0.106
"Berglund, Patrik",F,STL,82,23,11,34,0.414634146,-7,32,155,42,4,4,0,0,5,153,0.15
"Jenner, Boone",F,CLB,82,18,16,34,0.414634146,14,52,216,80,0,1,2,0,4,211,0.085
"Slavin, Jaccob",D,CAR,82,5,29,34,0.414634146,23,12,35,161,0,3,1,3,0,99,0.051
"Trouba, Jacob",D,WPG,60,8,25,33,0.55,4,54,107,118,2,2,0,1,1,154,0.052
"Landeskog, Gabriel",F,COL,72,18,15,33,0.458333333,-25,62,143,41,5,1,1,0,2,169,0.107
"Faksa, Radek",F,DAL,80,12,21,33,0.4125,-6,67,101,62,0,2,0,0,0,132,0.091
"Pageau, Jean-Gabriel",F,OTT,82,12,21,33,0.402439024,13,24,161,79,0,0,0,2,2,169,0.071
"Shore, Devin",F,DAL,82,13,20,33,0.402439024,-4,14,44,71,1,5,0,0,0,115,0.113
"Chimera, Jason",F,NYI,82,20,13,33,0.402439024,1,40,149,30,0,0,1,0,2,121,0.165
"Orlov, Dmitry",D,WAS,82,6,27,33,0.402439024,30,51,122,94,1,5,0,0,0,125,0.048
"Granlund, Markus",F,VAN,69,19,13,32,0.463768116,-19,14,32,11,3,4,0,0,3,122,0.156
"Smith, Zack",F,OTT,74,16,16,32,0.432432432,6,61,140,38,1,0,4,0,1,137,0.117
"Larkin, Dylan",F,DET,80,17,15,32,0.4,-28,37,67,22,5,2,1,0,1,178,0.096
"Moulson, Matt",F,BUF,81,14,18,32,0.395061728,-4,10,37,18,11,7,0,0,2,134,0.104
"Dzingel, Ryan",F,OTT,81,14,18,32,0.395061728,7,30,71,21,1,2,1,0,1,123,0.114
"Komarov, Leo",F,TOR,82,14,18,32,0.390243902,6,31,232,50,4,6,1,1,1,114,0.123
"Cammalleri, Michael",F,NJD,61,10,21,31,0.508196721,-9,21,44,14,1,9,0,0,3,142,0.07
"Cullen, Matt",F,PIT,72,13,18,31,0.430555556,4,30,36,27,2,2,2,0,2,93,0.14
"Hartman, Ryan",F,CHI,76,19,12,31,0.407894737,13,70,121,30,1,0,0,0,4,170,0.112
"Ladd, Andrew",F,NYI,78,23,8,31,0.397435897,-14,45,112,54,3,2,1,0,4,142,0.162
"Severson, Damon",D,NJD,80,3,28,31,0.3875,-31,58,79,73,0,13,0,0,1,125,0.024
"Jarnkrok, Calle",F,NAS,81,15,16,31,0.382716049,-1,25,49,29,2,2,1,2,1,134,0.112
"Strome, Ryan",F,NYI,69,13,17,30,0.434782609,-8,40,59,21,2,6,0,0,2,114,0.114
"Beagle, Jay",F,WAS,81,13,17,30,0.37037037,20,22,55,44,0,0,1,2,4,100,0.13
"Phaneuf, Dion",D,OTT,81,9,21,30,0.37037037,-6,100,132,156,4,12,1,0,2,156,0.058
"Fabbri, Robby",F,STL,51,11,18,29,0.568627451,-16,27,64,14,4,5,0,0,0,91,0.121
"Gallagher, Brendan",F,MTL,64,10,19,29,0.453125,7,39,69,15,1,2,0,0,2,187,0.053
"Athanasiou, Andreas",F,DET,64,18,11,29,0.453125,-7,28,30,21,1,3,0,0,3,120,0.15
"Ryan, Derek",F,CAR,67,11,18,29,0.432835821,-8,22,33,37,4,4,1,0,3,73,0.151
"Shaw, Andrew",F,MTL,68,12,17,29,0.426470588,4,110,147,38,1,6,1,0,1,127,0.094
"Kunitz, Chris",F,PIT,71,9,20,29,0.408450704,0,36,216,28,0,5,0,0,3,134,0.067
"Chara, Zdeno",D,BOS,75,10,19,29,0.386666667,18,59,130,140,1,2,2,0,0,136,0.074
"Smith, Craig",F,NAS,78,12,17,29,0.371794872,7,30,93,16,2,1,0,0,1,155,0.077
"Ward, Joel",F,SJS,78,10,19,29,0.371794872,-2,30,61,56,1,2,2,0,2,105,0.095
"Anderson, Josh",F,CLB,78,17,12,29,0.371794872,12,89,147,40,0,0,0,0,3,119,0.143
"Hanifin, Noah",D,CAR,81,4,25,29,0.358024691,-19,26,57,73,2,9,0,0,1,108,0.037
"Lowry, Adam",F,WPG,82,15,14,29,0.353658537,1,52,217,56,5,4,0,1,1,122,0.123
"Rust, Bryan",F,PIT,57,15,13,28,0.49122807,4,8,101,29,0,0,0,1,1,110,0.136
"Schmaltz, Nick",F,CHI,61,6,22,28,0.459016393,10,6,20,27,0,2,0,0,0,66,0.091
"Jokinen, Jussi",F,FLA,69,11,17,28,0.405797101,-15,39,28,33,4,6,1,0,2,118,0.093
"Vermette, Antoine",F,ARI,72,9,19,28,0.388888889,-7,42,51,45,5,6,0,1,1,88,0.102
"Lehkonen, Artturi",F,MTL,73,18,10,28,0.383561644,-1,8,72,25,2,2,1,0,3,158,0.114
"Namestnikov, Vladislav",F,TBL,74,10,18,28,0.378378378,-4,31,72,31,3,3,0,1,0,114,0.088
"Beaulieu, Nathan",D,MTL,74,4,24,28,0.378378378,8,44,65,102,2,10,0,0,1,118,0.034
"Vlasic, Marc-Edouard",D,SJS,75,6,22,28,0.373333333,4,35,18,146,1,6,0,1,2,144,0.042
"Ritchie, Nick",F,ANA,77,14,14,28,0.363636364,4,62,247,24,1,1,0,0,3,149,0.094
"Plekanec, Tomas",F,MTL,78,10,18,28,0.358974359,10,24,57,45,3,4,2,0,3,139,0.072
"Petry, Jeff",D,MTL,80,8,20,28,0.35,3,22,171,145,2,5,0,0,1,172,0.047
"Demers, Jason",D,FLA,81,9,19,28,0.345679012,-14,53,106,90,0,5,0,2,2,98,0.092
"Hyman, Zach",F,TOR,82,10,18,28,0.341463415,2,30,109,43,0,0,5,0,3,156,0.064
"Muzzin, Jake",D,LAK,82,9,19,28,0.341463415,-21,46,162,122,4,6,0,0,1,184,0.049
"Parenteau, P.A.",F,MTL,59,13,14,27,0.457627119,-16,35,51,8,4,4,0,0,2,109,0.119
"Roussel, Antoine",F,DAL,60,12,15,27,0.45,1,115,69,45,0,3,0,0,3,82,0.146
"Doan, Shane",F,ARI,74,6,21,27,0.364864865,-3,48,101,22,3,2,0,0,0,144,0.042
"Rielly, Morgan",D,TOR,76,6,21,27,0.355263158,-20,21,46,120,1,4,0,0,1,171,0.035
"Vesey, Jimmy",F,NYR,80,16,11,27,0.3375,-13,26,64,37,5,3,0,0,6,116,0.138
"Huberdeau, Jonathan",F,FLA,31,10,16,26,0.838709677,-2,13,18,7,3,4,0,0,2,86,0.116
"Haula, Erik",F,MIN,72,15,11,26,0.361111111,5,28,39,38,1,0,0,0,4,134,0.112
"Wilson, Scott",F,PIT,78,8,18,26,0.333333333,0,32,167,31,0,0,0,0,1,127,0.063
"Bennett, Sam",F,CGY,81,13,13,26,0.320987654,-16,75,127,46,4,0,0,1,0,122,0.107
"Boedker, Mikkel",F,SJS,81,10,16,26,0.320987654,0,10,71,35,0,1,1,0,2,122,0.082
"Cole, Ian",D,PIT,81,5,21,26,0.320987654,26,72,164,194,0,1,0,0,1,89,0.056
"Martin, Paul",D,SJS,81,4,22,26,0.320987654,10,20,41,124,0,0,0,0,1,57,0.07
"Ribeiro, Mike",F,ARI,46,4,21,25,0.543478261,-5,14,33,6,2,5,0,0,0,38,0.105
"Cizikas, Casey",F,NYI,59,8,17,25,0.423728814,9,30,144,58,0,1,0,0,1,82,0.098
"Ryan, Bobby",F,OTT,62,13,12,25,0.403225807,-3,24,109,36,2,3,0,0,0,111,0.117
"Brodin, Jonas",D,MIN,68,3,22,25,0.367647059,5,20,20,89,2,5,0,0,2,85,0.035
"Winnik, Daniel",F,WAS,72,12,13,25,0.347222222,15,49,25,34,0,0,2,0,3,82,0.146
"Brouwer, Troy",F,CGY,74,13,12,25,0.337837838,-11,31,171,39,4,6,1,1,2,86,0.151
"Ferland, Micheal",F,CGY,76,15,10,25,0.328947368,-1,50,149,26,2,2,0,0,1,106,0.142
"Martinook, Jordan",F,ARI,77,11,14,25,0.324675325,-8,40,50,68,1,1,1,2,2,109,0.101
"Eller, Lars",F,WAS,81,12,13,25,0.308641975,15,36,71,30,0,1,1,0,2,115,0.104
"Karlsson, William",F,CLB,81,6,19,25,0.308641975,10,10,35,24,1,0,0,2,3,96,0.063
"Moore, Dominic",F,BOS,82,11,14,25,0.304878049,2,44,63,42,0,0,3,1,1,96,0.115
"de Haan, Calvin",D,NYI,82,5,20,25,0.304878049,15,36,139,190,1,1,0,0,1,116,0.043
"Eriksson, Loui",F,VAN,65,11,13,24,0.369230769,-9,8,11,26,5,2,0,1,1,132,0.083
"Beauvillier, Anthony",F,NYI,66,9,15,24,0.363636364,1,10,81,26,0,1,0,0,2,101,0.089
"Zacha, Pavel",F,NJD,70,8,16,24,0.342857143,-17,19,54,24,5,9,0,0,2,83,0.096
"Vatanen, Sami",D,ANA,71,3,21,24,0.338028169,3,30,75,128,2,12,0,0,0,117,0.026
"Ritchie, Brett",F,DAL,78,16,8,24,0.307692308,11,38,153,23,1,1,0,0,2,167,0.096
"Kassian, Zack",F,EDM,79,7,17,24,0.303797468,4,101,201,16,0,0,0,0,0,110,0.064
"Sceviour, Colton",F,FLA,80,9,15,24,0.3,-16,25,108,64,1,2,3,1,1,172,0.052
"Chiasson, Alex",F,CGY,81,12,12,24,0.296296296,-6,46,74,18,0,2,1,0,1,104,0.115
"Lewis, Trevor",F,LAK,82,12,12,24,0.292682927,-6,30,174,30,1,1,0,0,3,145,0.083
"Connolly, Brett",F,WAS,66,15,8,23,0.348484849,20,40,89,12,1,0,0,0,3,81,0.185
"Boychuk, Johnny",D,NYI,66,6,17,23,0.348484849,11,19,160,133,1,3,1,1,2,155,0.039
"Gudas, Radko",D,PHI,67,6,17,23,0.343283582,8,93,280,124,0,1,0,0,0,113,0.053
"Kulemin, Nikolay",F,NYI,72,12,11,23,0.319444444,3,18,78,45,1,1,1,1,4,74,0.162
"Savard, David",D,CLB,74,6,17,23,0.310810811,33,44,127,126,0,0,0,2,0,135,0.044
"Grigorenko, Mikhail",F,COL,75,10,13,23,0.306666667,-14,18,27,26,0,4,0,0,0,85,0.118
"Foligno, Marcus",F,BUF,80,13,10,23,0.2875,-1,73,279,57,0,0,1,0,0,97,0.134
"Tierney, Chris",F,SJS,80,11,12,23,0.2875,0,6,50,44,1,0,1,1,2,90,0.122
"Stajan, Matt",F,CGY,81,6,17,23,0.283950617,3,40,60,39,0,0,0,2,3,59,0.102
"Pyatt, Tom",F,OTT,82,9,14,23,0.280487805,9,16,46,89,0,0,0,2,1,95,0.095
"Johnson, Jack",D,CLB,82,5,18,23,0.280487805,23,32,94,134,1,1,0,1,1,116,0.043
"Ekholm, Mattias",D,NAS,82,3,20,23,0.280487805,4,34,61,108,0,3,0,1,1,120,0.025
"Hertl, Tomas",F,SJS,49,10,12,22,0.448979592,-8,14,76,42,1,1,0,0,4,100,0.1
"Boyle, Brian",F,TBL,54,13,9,22,0.407407407,5,48,83,31,3,3,0,0,2,109,0.119
"Hagelin, Carl",F,PIT,61,6,16,22,0.360655738,10,16,66,24,0,0,0,1,2,128,0.047
"Moore, John",D,NJD,63,12,10,22,0.349206349,-7,39,68,61,1,2,0,0,1,102,0.118
"Lehtera, Jori",F,STL,64,7,15,22,0.34375,-6,34,64,29,0,3,0,0,1,67,0.104
"Karlsson, Melker",F,SJS,67,11,11,22,0.328358209,7,22,67,59,0,0,2,0,1,73,0.151
"Dowd, Nic",F,LAK,70,6,16,22,0.314285714,-15,25,145,35,1,7,0,0,2,78,0.077
"Seidenberg, Dennis",D,BOS,73,5,17,22,0.301369863,25,32,154,146,0,0,0,0,0,89,0.056
"Stralman, Anton",D,TBL,73,5,17,22,0.301369863,1,20,106,96,1,6,0,0,0,130,0.038
"Streit, Mark",D,PHI,49,5,16,21,0.428571429,-10,22,25,58,1,7,0,0,1,88,0.057
"Gaborik, Marian",F,LAK,56,10,11,21,0.375,-4,18,21,15,3,2,1,0,3,123,0.081
"Abdelkader, Justin",F,DET,64,7,14,21,0.328125,-20,50,144,27,5,2,0,1,1,104,0.067
"Fast, Jesper",F,NYR,68,6,15,21,0.308823529,6,16,99,44,0,0,0,0,1,56,0.107
"Ekblad, Aaron",D,FLA,68,10,11,21,0.308823529,-23,58,88,62,4,4,1,0,2,225,0.044
"Edler, Alexander",D,VAN,68,6,15,21,0.308823529,-20,36,106,138,2,2,0,0,0,138,0.043
"Stewart, Chris",F,MIN,79,13,8,21,0.265822785,3,94,85,19,0,2,0,0,0,82,0.159
"Stamkos, Steven",F,TBL,17,9,11,20,1.176470588,3,14,21,3,3,4,0,0,1,58,0.155
"Buchnevich, Pavel",F,NYR,41,8,12,20,0.487804878,6,13,17,8,1,2,0,0,0,55,0.145
"Korpikoski, Lauri",F,EDM,60,8,12,20,0.333333333,5,10,34,32,0,0,0,1,0,104,0.077
"Lindberg, Oscar",F,NYR,65,8,12,20,0.307692308,2,32,94,36,0,1,0,0,1,86,0.093
"Clutterbuck, Cal",F,NYI,66,5,15,20,0.303030303,2,28,222,25,0,1,0,0,1,115,0.043
"Lindholm, Hampus",D,ANA,66,6,14,20,0.303030303,13,36,98,94,1,4,0,0,2,94,0.064
"Hickey, Thomas",D,NYI,76,4,16,20,0.263157895,-1,35,89,103,0,3,0,0,2,87,0.046
"McCabe, Jake",D,BUF,76,3,17,20,0.263157895,-7,26,73,114,1,3,0,0,1,79,0.038
"Comeau, Blake",F,COL,77,8,12,20,0.25974026,-19,58,129,22,2,0,1,0,1,103,0.078
"Pesce, Brett",D,CAR,82,2,18,20,0.243902439,23,20,57,148,0,3,0,0,0,109,0.018
"Morrissey, Joshua",D,WPG,82,6,14,20,0.243902439,6,38,145,139,1,0,0,0,3,99,0.061
"Daley, Trevor",D,PIT,56,5,14,19,0.339285714,7,37,29,83,1,3,0,1,0,84,0.06
"Armia, Joel",F,WPG,57,10,9,19,0.333333333,-8,20,68,30,0,2,4,0,1,111,0.09
"Read, Matt",F,PHI,63,10,9,19,0.301587302,3,8,95,32,2,0,1,0,2,92,0.109
"Bennett, Beau",F,NJD,65,8,11,19,0.292307692,-3,20,77,13,1,1,0,0,1,101,0.079
"Franson, Cody",D,BUF,68,3,16,19,0.279411765,-5,34,87,68,1,1,0,0,0,93,0.032
"Hutton, Ben",D,VAN,71,5,14,19,0.267605634,-22,31,46,106,2,9,0,0,1,130,0.038
"Hunwick, Matt",D,TOR,72,1,18,19,0.263888889,8,18,91,90,0,0,0,0,0,73,0.014
"Larsson, Adam",D,EDM,79,4,15,19,0.240506329,21,55,253,160,0,0,0,0,0,85,0.047
"Wilson, Tom",F,WAS,82,7,12,19,0.231707317,9,133,239,44,0,0,0,0,0,95,0.074
"Vatrano, Frank",F,BOS,44,10,8,18,0.409090909,-3,14,51,16,4,1,0,0,1,116,0.086
"Sharp, Patrick",F,DAL,48,8,10,18,0.375,-22,31,24,24,1,0,1,0,0,146,0.055
"Prince, Shane",F,NYI,50,5,13,18,0.36,-9,18,36,12,1,2,0,0,2,71,0.07
"Del Zotto, Michael",D,PHI,51,6,12,18,0.352941177,-5,28,173,85,0,1,0,1,0,92,0.065
"Wideman, Dennis",D,CGY,57,5,13,18,0.315789474,-6,32,61,74,2,3,0,0,1,87,0.057
"Pirri, Brandon",F,NYR,60,8,10,18,0.3,-8,25,41,20,5,4,0,0,3,96,0.083
"Quine, Alan",F,NYI,61,5,13,18,0.295081967,-2,8,77,29,2,1,0,0,1,82,0.061
"Iginla, Jarome",F,COL,61,8,10,18,0.295081967,-21,54,79,17,4,4,0,0,0,120,0.067
"Schlemko, David",D,SJS,62,2,16,18,0.290322581,4,14,35,112,1,2,0,0,1,118,0.017
"Bourque, Rene",F,COL,65,12,6,18,0.276923077,-19,56,75,26,2,0,0,0,2,111,0.108
"Upshall, Scottie",F,STL,73,10,8,18,0.246575343,-1,45,99,21,0,0,2,0,1,85,0.118
"Lindell, Esa",D,DAL,73,6,12,18,0.246575343,8,22,93,119,0,2,0,0,2,99,0.061
"Hjalmarsson, Niklas",D,CHI,73,5,13,18,0.246575343,12,20,23,181,0,0,0,1,0,61,0.082
"MacDonald, Andrew",D,PHI,73,2,16,18,0.246575343,-5,26,39,151,0,0,0,1,0,65,0.031
"Beauchemin, Francois",D,COL,81,5,13,18,0.222222222,-14,32,73,156,0,3,0,0,1,132,0.038
"Forbort, Derek",D,LAK,82,2,16,18,0.219512195,8,54,180,159,0,0,0,1,0,100,0.02
"Johnson, Erik",D,COL,46,2,15,17,0.369565217,-6,9,87,98,0,6,0,0,1,96,0.021
"Helm, Darren",F,DET,50,8,9,17,0.34,-6,20,71,18,2,2,0,1,1,98,0.082
"Wood, Miles",F,NJD,60,8,9,17,0.283333333,-21,86,68,26,2,2,0,0,0,105,0.076
"Schmidt, Nate",D,WAS,60,3,14,17,0.283333333,22,16,51,37,0,0,0,1,0,60,0.05
"Donskoi, Joonas",F,SJS,61,6,11,17,0.278688525,-5,10,27,27,1,3,0,0,0,95,0.063
"Copp, Andrew",F,WPG,64,9,8,17,0.265625,8,18,87,28,0,0,1,0,1,77,0.117
"Shore, Nick",F,LAK,70,6,11,17,0.242857143,-2,20,58,22,0,0,1,0,1,79,0.076
"Kruger, Marcus",F,CHI,70,5,12,17,0.242857143,7,34,31,62,0,0,0,0,0,83,0.06
"McGinn, Jamie",F,ARI,72,9,8,17,0.236111111,-23,23,116,18,0,2,0,0,2,116,0.078
"Wideman, Chris",D,OTT,76,5,12,17,0.223684211,7,46,68,68,1,4,0,0,1,123,0.041
"Watson, Austin",F,NAS,77,5,12,17,0.220779221,14,99,143,66,0,0,0,1,0,90,0.056
"Murphy, Connor",D,ARI,77,2,15,17,0.220779221,-13,45,201,119,0,0,1,0,1,81,0.025
"Mitchell, Torrey",F,MTL,78,8,9,17,0.217948718,5,38,47,56,0,0,0,0,1,68,0.118
"Ceci, Cody",D,OTT,79,2,15,17,0.215189873,-11,20,111,159,0,1,0,3,0,143,0.014
"Campbell, Brian",D,CHI,80,5,12,17,0.2125,12,24,43,83,2,3,0,0,1,74,0.068
"Nash, Riley",F,BOS,81,7,10,17,0.209876543,-1,14,67,36,0,0,1,2,2,125,0.056
"Matheson, Michael",D,FLA,81,7,10,17,0.209876543,-5,36,69,118,0,1,0,1,0,179,0.039
"Pysyk, Mark",D,FLA,82,4,13,17,0.207317073,0,10,72,99,0,0,0,0,0,86,0.047
"Manson, Josh",D,ANA,82,5,12,17,0.207317073,14,82,227,79,0,0,1,2,1,88,0.057
"Kero, Tanner",F,CHI,47,6,10,16,0.340425532,15,8,41,51,0,0,0,0,0,60,0.1
"McKenzie, Curtis",F,DAL,53,6,10,16,0.301886793,5,72,103,31,0,0,0,0,3,66,0.091
"Fiala, Kevin",F,NAS,54,11,5,16,0.296296296,1,18,44,14,0,0,0,0,1,114,0.096
"McGinn, Brock",F,CAR,57,7,9,16,0.280701754,-11,6,91,22,0,0,0,1,1,74,0.095
"Kuhnhackl, Tom",F,PIT,57,4,12,16,0.280701754,8,18,112,42,0,0,1,1,0,49,0.082
"Van Riemsdyk, Trevor",D,CHI,58,5,11,16,0.275862069,17,29,22,100,0,0,0,0,2,73,0.068
"Cousins, Nick",F,PHI,60,6,10,16,0.266666667,-6,31,61,24,1,1,0,0,0,99,0.061
"Cracknell, Adam",F,DAL,69,10,6,16,0.231884058,9,12,91,37,0,0,1,0,2,87,0.115
"Girgensons, Zemgus",F,BUF,75,7,9,16,0.213333333,-7,18,120,26,0,0,0,0,0,112,0.063
"Hamhuis, Dan",D,DAL,79,1,15,16,0.202531646,-7,23,93,100,1,0,0,2,0,83,0.012
"Engelland, Deryk",D,CGY,81,4,12,16,0.197530864,2,85,135,134,0,0,0,0,2,107,0.037
"MacKenzie, Derek",F,FLA,82,6,10,16,0.195121951,-7,50,192,45,0,0,2,3,1,91,0.066
"Carlo, Brandon",D,BOS,82,6,10,16,0.195121951,9,59,87,115,0,0,1,0,0,88,0.068
"Duclair, Anthony",F,ARI,58,5,10,15,0.25862069,-7,14,22,17,0,2,0,0,1,76,0.066
"Benning, Matt",D,EDM,62,3,12,15,0.241935484,8,29,111,64,1,2,0,0,0,69,0.043
"Girardi, Dan",D,NYR,63,4,11,15,0.238095238,8,16,107,166,0,0,1,1,3,56,0.071
"Weise, Dale",F,PHI,64,8,7,15,0.234375,1,39,135,24,1,1,0,0,2,94,0.085
"Calvert, Matt",F,CLB,65,10,5,15,0.230769231,-4,48,61,34,0,0,3,1,1,92,0.109
"Brodziak, Kyle",F,STL,69,8,7,15,0.217391304,2,27,56,39,0,0,0,0,2,55,0.145
"Edmundson, Joel",D,STL,69,3,12,15,0.217391304,11,60,122,95,0,0,0,0,1,81,0.037
"Dumoulin, Brian",D,PIT,70,1,14,15,0.214285714,0,14,113,99,0,4,0,0,0,78,0.013
"VandeVelde, Chris",F,PHI,81,6,9,15,0.185185185,-5,16,114,60,0,0,0,0,0,69,0.087
"Bouwmeester, Jay",D,STL,81,1,14,15,0.185185185,6,28,67,111,0,1,0,0,0,106,0.009
"Shattenkirk, Kevin",D,STL,19,2,12,14,0.736842105,4,10,18,26,1,6,0,0,2,46,0.043
"Eaves, Patrick",F,DAL,20,11,3,14,0.7,8,8,29,11,2,0,0,0,1,55,0.2
"Hinostroza, Vinnie",F,CHI,49,6,8,14,0.285714286,-1,17,31,19,0,0,0,0,2,76,0.079
"Petrovic, Alex",D,FLA,49,1,13,14,0.285714286,-1,79,106,55,0,0,0,0,0,55,0.018
"Hamonic, Travis",D,NYI,49,3,11,14,0.285714286,-21,60,58,108,0,1,0,0,0,74,0.041
"Bjugstad, Nick",F,FLA,54,7,7,14,0.259259259,-19,22,72,9,1,1,0,0,1,91,0.077
"Hainsey, Ron",D,CAR,56,4,10,14,0.25,-16,17,79,92,0,0,1,1,1,62,0.065
"Schaller, Tim",F,BOS,59,7,7,14,0.237288136,-6,23,73,38,0,0,0,0,2,89,0.079
"Enstrom, Toby",D,WPG,60,1,13,14,0.233333333,-7,42,24,94,0,6,1,0,0,46,0.022
"Klein, Kevin",D,NYR,60,3,11,14,0.233333333,5,31,135,123,0,1,0,1,0,54,0.056
"Postma, Paul",D,WPG,65,1,13,14,0.215384615,3,15,36,42,0,0,0,0,0,50,0.02
"Pouliot, Benoit",F,EDM,67,8,6,14,0.208955224,-5,34,39,39,0,0,0,0,1,77,0.104
"Glendening, Luke",F,DET,74,3,11,14,0.189189189,-10,26,150,62,0,1,0,0,0,76,0.039
"Irwin, Matt",D,NAS,74,3,11,14,0.189189189,15,26,115,121,0,0,0,2,1,98,0.031
"Orpik, Brooks",D,WAS,79,0,14,14,0.17721519,32,48,181,132,0,0,0,0,0,93,0
"Soderberg, Carl",F,COL,80,6,8,14,0.175,-26,22,34,42,1,1,0,0,0,128,0.047
"Sustr, Andrej",D,TBL,80,3,11,14,0.175,-10,43,45,102,0,0,0,0,1,93,0.032
"Bieksa, Kevin",D,ANA,81,3,11,14,0.172839506,0,63,173,100,1,2,0,0,1,94,0.032
"Jensen, Nick",D,DET,49,4,9,13,0.265306122,-7,12,55,56,0,0,0,1,0,59,0.068
"Kronwall, Niklas",D,DET,57,2,11,13,0.228070175,-7,32,77,81,0,6,0,0,0,67,0.03
"Miller, Kevan",D,BOS,58,3,10,13,0.224137931,1,50,121,76,0,0,0,1,1,49,0.061
"Miller, Colin",D,BOS,61,6,7,13,0.213114754,0,55,85,36,1,1,0,0,0,85,0.071
"Sedlak, Lukas",F,CLB,62,7,6,13,0.209677419,10,25,66,28,0,0,1,0,0,57,0.123
"Greene, Andy",D,NJD,66,4,9,13,0.196969697,-16,8,50,125,1,3,1,0,1,83,0.048
"Russell, Kris",D,EDM,68,1,12,13,0.191176471,5,23,67,213,0,1,0,0,1,68,0.015
"Tyutin, Fedor",D,CLB,69,1,12,13,0.188405797,-25,38,116,90,0,0,0,0,0,46,0.022
"Scandella, Marco",D,MIN,71,4,9,13,0.183098592,-2,25,50,85,0,0,0,0,0,88,0.045
"Braun, Justin",D,SJS,81,4,9,13,0.160493827,1,28,136,161,0,0,0,2,0,95,0.042
"Sbisa, Luca",D,VAN,82,2,11,13,0.158536585,-1,40,130,122,0,0,0,0,1,75,0.027
"Alzner, Karl",D,WAS,82,3,10,13,0.158536585,23,28,105,162,0,0,0,0,0,81,0.037
"Nesterov, Nikita",D,TBL,35,3,9,12,0.342857143,-3,20,56,17,1,1,0,0,0,46,0.065
"Quincey, Kyle",D,NJD,53,4,8,12,0.226415094,4,39,73,71,0,0,0,0,0,61,0.066
"Wiercioch, Patrick",D,COL,57,4,8,12,0.210526316,-18,23,52,57,0,0,0,0,0,63,0.063
"Chiarot, Ben",D,WPG,59,2,10,12,0.203389831,2,33,78,94,0,0,0,0,0,49,0.041
"Manning, Brandon",D,PHI,65,3,9,12,0.184615385,-12,83,121,79,0,0,1,0,1,84,0.036
"Ouellet, Xavier",D,DET,66,3,9,12,0.181818182,2,51,73,87,0,0,0,0,0,89,0.034
"Methot, Marc",D,OTT,68,0,12,12,0.176470588,13,24,164,77,0,0,0,0,0,69,0
"Coburn, Braydon",D,TBL,80,5,7,12,0.15,-1,50,109,76,0,0,1,0,0,102,0.049
"DeKeyser, Danny",D,DET,82,4,8,12,0.146341463,-22,33,100,170,0,0,0,0,2,85,0.047
"Clendening, Adam",D,NYR,31,2,9,11,0.35483871,3,17,22,27,1,1,0,0,0,38,0.053
"Claesson, Fredrik",D,OTT,33,3,8,11,0.333333333,5,4,55,24,0,0,0,1,0,25,0.12
"Nurse, Darnell",D,EDM,44,5,6,11,0.25,0,33,107,53,0,0,0,0,0,85,0.059
"Bogosian, Zach",D,BUF,56,2,9,11,0.196428571,-17,46,59,97,0,1,0,0,1,73,0.027
"Murray, Ryan",D,CLB,60,2,9,11,0.183333333,3,24,23,96,0,1,0,1,0,52,0.038
"Polak, Roman",D,TOR,75,4,7,11,0.146666667,10,65,232,133,0,0,0,0,1,64,0.063
"Ruhwedel, Chad",D,PIT,34,2,8,10,0.294117647,9,8,36,26,0,3,0,0,0,45,0.044
"Pelech, Adam",D,NYI,44,3,7,10,0.227272727,-5,6,73,68,0,0,0,0,0,40,0.075
"Tanev, Christopher",D,VAN,53,2,8,10,0.188679245,3,14,19,91,0,0,0,0,1,39,0.051
"Zadorov, Nikita",D,COL,56,0,10,10,0.178571429,-20,73,153,69,0,2,0,0,0,61,0
"Johns, Stephen",D,DAL,61,4,6,10,0.163934426,-10,36,159,130,0,1,0,0,1,91,0.044
"Staal, Marc",D,NYR,72,3,7,10,0.138888889,9,34,89,97,0,0,0,1,0,70,0.043
"Emelin, Alexei",D,MTL,76,2,8,10,0.131578947,1,71,241,127,0,0,0,0,0,82,0.024
"McQuaid, Adam",D,BOS,77,2,8,10,0.12987013,4,71,157,144,0,0,0,1,1,64,0.031
"Dillon, Brenden",D,SJS,81,2,8,10,0.12345679,-2,60,174,81,0,0,0,0,0,86,0.023
"Mayfield, Scott",D,NYI,25,2,7,9,0.36,-1,35,37,36,0,0,0,0,0,39,0.051
"Theodore, Shea",D,ANA,34,2,7,9,0.264705882,-6,28,14,30,1,1,0,1,1,60,0.033
"Ericsson, Jonathan",D,DET,51,1,8,9,0.176470588,-2,63,86,36,0,0,0,0,0,43,0.023
"Tryamkin, Nikita",D,VAN,66,2,7,9,0.136363636,-7,64,145,87,0,0,0,0,0,65,0.031
"Garrison, Jason",D,TBL,70,1,8,9,0.128571429,-8,14,93,91,0,0,0,0,0,96,0.01
"DeMelo, Dylan",D,SJS,25,1,7,8,0.32,2,14,36,32,0,0,0,0,0,32,0.031
"Kempny, Michal",D,CHI,50,2,6,8,0.16,1,22,76,59,0,0,0,0,0,67,0.03
"Folin, Christian",D,MIN,51,2,6,8,0.156862745,10,26,69,59,0,0,0,0,0,39,0.051
"Falk, Justin",D,BUF,52,0,8,8,0.153846154,-3,29,101,40,0,0,0,0,0,33,0
"Carrick, Connor",D,TOR,67,2,6,8,0.119402985,8,51,66,79,1,0,0,0,0,89,0.022
"Weber, Yannick",D,NAS,73,1,7,8,0.109589041,1,25,72,53,0,0,0,0,1,72,0.014
"Schenn, Luke",D,ARI,78,1,7,8,0.102564103,-9,85,286,134,0,0,0,0,0,94,0.011
"Marincin, Martin",D,TOR,25,1,6,7,0.28,3,16,25,27,0,0,0,1,0,22,0.045
"Fedun, Taylor",D,BUF,27,0,7,7,0.259259259,3,16,7,20,0,3,0,0,0,24,0
"Sproul, Ryan",D,DET,27,1,6,7,0.259259259,-8,6,12,14,1,2,0,0,0,46,0.022
"Bitetto, Anthony",D,NAS,29,0,7,7,0.24137931,-1,25,43,24,0,0,0,0,0,17,0
"Holzer, Korbinian",D,ANA,32,2,5,7,0.21875,0,23,71,34,0,0,0,0,0,14,0.143
"Santini, Steven",D,NJD,38,2,5,7,0.184210526,-6,14,83,35,0,0,0,0,0,46,0.043
"Prosser, Nate",D,MIN,39,2,5,7,0.17948718,0,12,30,64,0,1,0,0,0,20,0.1
"Oleksiak, Jamie",D,DAL,41,5,2,7,0.170731707,-4,37,51,53,0,0,0,1,1,33,0.152
"Gravel, Kevin",D,LAK,49,1,6,7,0.142857143,3,6,73,65,1,1,0,0,0,52,0.019
"Maatta, Olli",D,PIT,55,1,6,7,0.127272727,17,12,72,102,0,0,0,0,0,66,0.015
"Nutivaara, Markus",D,CLB,66,2,5,7,0.106060606,7,6,36,38,0,0,0,0,0,66,0.03
"Lovejoy, Ben",D,NJD,82,1,6,7,0.085365854,-7,39,82,150,0,0,0,0,1,84,0.012
"Stone, Michael",D,CGY,19,2,4,6,0.315789474,5,20,27,41,0,0,0,0,0,24,0.083
"Pateryn, Greg",D,MTL,24,1,5,6,0.25,1,4,44,43,0,0,0,0,0,28,0.036
"Gudbranson, Erik",D,VAN,30,1,5,6,0.2,-14,18,66,44,0,0,0,0,1,40,0.025
"Marchenko, Alexey",D,DET,30,0,6,6,0.2,6,12,8,44,0,0,0,1,0,27,0
"Jokipakka, Jyrki",D,CGY,38,1,5,6,0.157894737,-3,12,25,30,0,0,0,0,0,29,0.034
"Gryba, Eric",D,EDM,40,2,4,6,0.15,-5,65,145,47,0,0,0,0,2,45,0.044
"Dahlbeck, Klas",D,CAR,43,2,4,6,0.139534884,-12,30,77,38,0,0,0,0,0,37,0.054
"Tennyson, Matt",D,CAR,45,0,6,6,0.133333333,-13,6,65,48,0,0,0,0,0,36,0
"Merrill, Jon",D,NJD,51,1,5,6,0.117647059,-9,24,39,68,0,0,0,0,0,48,0.021
"Gunnarsson, Carl",D,STL,56,0,6,6,0.107142857,-5,4,42,68,0,0,0,0,0,32,0
"Gorges, Josh",D,BUF,66,1,5,6,0.090909091,-3,50,143,108,0,0,0,0,0,40,0.025
"Myers, Tyler",D,WPG,11,2,3,5,0.454545455,5,13,12,21,0,0,0,1,0,16,0.125
"Redmond, Zach",D,MTL,16,0,5,5,0.3125,6,2,25,13,0,0,0,0,0,12,0
"Chorney, Taylor",D,WAS,18,1,4,5,0.277777778,8,11,27,29,0,0,0,0,1,19,0.053
"Gilbert, Tom",D,LAK,18,1,4,5,0.277777778,-4,6,10,28,0,1,0,0,0,12,0.083
"Goloubef, Cody",D,CLB,33,0,5,5,0.151515152,-11,25,30,33,0,0,0,0,0,35,0
"Smith, Brendan",D,DET,33,2,3,5,0.151515152,-1,34,43,38,1,2,0,0,1,39,0.051
"Liles, John-Michael",D,BOS,36,0,5,5,0.138888889,1,4,25,41,0,3,0,0,0,36,0
"Forsling, Gustav",D,CHI,38,2,3,5,0.131578947,3,4,16,17,0,1,0,0,0,48,0.042
